<?xml version="1.0" encoding="UTF-8"?>
<jcr:root xmlns:sling="http://sling.apache.org/jcr/sling/1.0" xmlns:cq="http://www.day.com/jcr/cq/1.0" xmlns:jcr="http://www.jcp.org/jcr/1.0" xmlns:mix="http://www.jcp.org/jcr/mix/1.0" xmlns:nt="http://www.jcp.org/jcr/nt/1.0"
    jcr:primaryType="cq:Page">
    <jcr:content
        cq:contextHubPath="/etc/cloudsettings/default/contexthub"
        cq:contextHubSegmentsPath="/etc/segmentation/contexthub"
        cq:designPath="/etc/designs/laureate"
        cq:lastModified="{Date}2017-01-31T21:00:02.679Z"
        cq:lastModifiedBy="admin"
        cq:lastReplicated="{Date}2017-01-29T19:53:27.134Z"
        cq:lastReplicatedBy="admin"
        cq:lastReplicationAction="Activate"
        cq:template="/apps/laureate/templates/walden_courseinformation_page"
        jcr:isCheckedOut="{Boolean}true"
        jcr:lastModified="{Date}2017-01-29T19:51:47.264Z"
        jcr:lastModifiedBy="admin"
        jcr:mixinTypes="[mix:versionable]"
        jcr:primaryType="cq:PageContent"
        jcr:title="English"
        jcr:uuid="db7b541b-f1aa-46c7-9d26-9155ff27eb7d"
        sling:resourceType="laureate/components/structure/page/walden_courseinformation_page">
        <par
            jcr:primaryType="nt:unstructured"
            sling:resourceType="wcm/foundation/components/parsys">
            <page_section
                jcr:created="{Date}2017-01-16T17:17:40.238-08:00"
                jcr:createdBy="admin"
                jcr:lastModified="{Date}2017-01-16T17:17:59.927-08:00"
                jcr:lastModifiedBy="admin"
                jcr:primaryType="nt:unstructured"
                sling:resourceType="laureate/components/content/page-section"
                pageSectionLabel="Course Information">
                <page-section-par
                    jcr:primaryType="nt:unstructured"
                    sling:resourceType="wcm/foundation/components/parsys"/>
            </page_section>
            <page_section_1051933009
                jcr:created="{Date}2017-01-16T17:17:51.509-08:00"
                jcr:createdBy="admin"
                jcr:lastModified="{Date}2017-01-16T17:20:48.055-08:00"
                jcr:lastModifiedBy="admin"
                jcr:primaryType="nt:unstructured"
                sling:resourceType="laureate/components/content/page-section"
                pageSectionLabel="Academic Intergrity">
                <page-section-par
                    jcr:primaryType="nt:unstructured"
                    sling:resourceType="wcm/foundation/components/parsys"/>
            </page_section_1051933009>
            <page_section_1753334952
                jcr:created="{Date}2017-01-16T18:03:22.120-08:00"
                jcr:createdBy="admin"
                jcr:lastModified="{Date}2017-01-16T18:03:31.614-08:00"
                jcr:lastModifiedBy="admin"
                jcr:primaryType="nt:unstructured"
                sling:resourceType="laureate/components/content/page-section"
                pageSectionLabel="Doc Sharing">
                <page-section-par
                    jcr:primaryType="nt:unstructured"
                    sling:resourceType="wcm/foundation/components/parsys"/>
            </page_section_1753334952>
        </par>
        <image
            jcr:lastModified="{Date}2017-01-29T19:51:47.264Z"
            jcr:lastModifiedBy="admin"
            jcr:primaryType="nt:unstructured"/>
        <hero
            jcr:lastModified="{Date}2017-01-29T19:51:47.264Z"
            jcr:lastModifiedBy="admin"
            jcr:primaryType="nt:unstructured"
            sling:resourceType="wcm/foundation/components/image"
            fileReference="/content/dam/laureate/uvm/heroimages/UVM_PT4025_week06_heroImage.jpg"/>
        <cq:BlueprintSyncConfig
            cq:rolloutConfigs="[/etc/msm/rolloutconfigs/default]"
            jcr:primaryType="cq:BlueprintSyncConfig"/>
        <logo
            jcr:lastModified="{Date}2017-01-29T19:51:47.264Z"
            jcr:lastModifiedBy="admin"
            jcr:primaryType="nt:unstructured"
            sling:resourceType="wcm/foundation/components/image"/>
    </jcr:content>
    <syllabus/>
    <course-overview/>
    <course-information/>
    <resource-list/>
    <week1/>
    <week2/>
    <week3/>
    <week4/>
    <week5/>
    <week6/>
</jcr:root>
