<?xml version="1.0" encoding="UTF-8"?>
<jcr:root xmlns:sling="http://sling.apache.org/jcr/sling/1.0" xmlns:cq="http://www.day.com/jcr/cq/1.0" xmlns:jcr="http://www.jcp.org/jcr/1.0" xmlns:nt="http://www.jcp.org/jcr/nt/1.0"
    jcr:primaryType="cq:Page">
    <jcr:content
        cq:contextHubPath="/etc/cloudsettings/default/contexthub"
        cq:contextHubSegmentsPath="/etc/segmentation/contexthub"
        cq:lastModified="{Date}2017-02-02T12:03:01.770-05:00"
        cq:lastModifiedBy="admin"
        cq:lastRolledout="{Date}2017-02-02T12:03:01.788-05:00"
        cq:lastRolledoutBy="admin"
        cq:template="/apps/laureate/templates/uvm_courseinformation_page"
        jcr:lastModified="{Date}2017-02-01T13:46:37.395-05:00"
        jcr:lastModifiedBy="admin"
        jcr:mixinTypes="[cq:LiveRelationship,cq:LiveSync]"
        jcr:primaryType="cq:PageContent"
        jcr:title="Spanish"
        sling:resourceType="laureate/components/structure/page/uvm_courseinformation_page">
        <par
            jcr:mixinTypes="[cq:LiveRelationship]"
            jcr:primaryType="nt:unstructured"
            sling:resourceType="wcm/foundation/components/parsys">
            <page_section
                jcr:created="{Date}2017-01-16T17:17:40.238-08:00"
                jcr:createdBy="admin"
                jcr:lastModified="{Date}2017-01-16T17:17:59.927-08:00"
                jcr:lastModifiedBy="admin"
                jcr:mixinTypes="[cq:LiveRelationship]"
                jcr:primaryType="nt:unstructured"
                sling:resourceType="laureate/components/content/page-section"
                pageSectionLabel="Course Information">
                <page-section-par
                    jcr:mixinTypes="[cq:LiveRelationship]"
                    jcr:primaryType="nt:unstructured"
                    sling:resourceType="wcm/foundation/components/parsys"/>
            </page_section>
            <page_section_1051933009
                jcr:created="{Date}2017-01-16T17:17:51.509-08:00"
                jcr:createdBy="admin"
                jcr:lastModified="{Date}2017-01-16T17:20:48.055-08:00"
                jcr:lastModifiedBy="admin"
                jcr:mixinTypes="[cq:LiveRelationship]"
                jcr:primaryType="nt:unstructured"
                sling:resourceType="laureate/components/content/page-section"
                pageSectionLabel="Academic Intergrity">
                <page-section-par
                    jcr:mixinTypes="[cq:LiveRelationship]"
                    jcr:primaryType="nt:unstructured"
                    sling:resourceType="wcm/foundation/components/parsys">
                    <image
                        jcr:created="{Date}2017-01-17T13:30:27.298-08:00"
                        jcr:createdBy="admin"
                        jcr:lastModified="{Date}2017-01-17T13:31:43.045-08:00"
                        jcr:lastModifiedBy="admin"
                        jcr:mixinTypes="[cq:LiveRelationship]"
                        jcr:primaryType="nt:unstructured"
                        sling:resourceType="wcm/foundation/components/image"
                        fileReference="/content/dam/geometrixx-instore/cover-images/seasonal.jpg"/>
                    <text
                        jcr:created="{Date}2017-01-17T13:30:23.355-08:00"
                        jcr:createdBy="admin"
                        jcr:lastModified="{Date}2017-01-17T13:30:37.138-08:00"
                        jcr:lastModifiedBy="admin"
                        jcr:mixinTypes="[cq:LiveRelationship]"
                        jcr:primaryType="nt:unstructured"
                        sling:resourceType="wcm/foundation/components/text"
                        text="&lt;p>Please be fair when taking courses&lt;/p>&#xa;"
                        textIsRich="true"/>
                </page-section-par>
            </page_section_1051933009>
        </par>
        <image
            jcr:lastModified="{Date}2017-02-01T13:46:37.395-05:00"
            jcr:lastModifiedBy="admin"
            jcr:mixinTypes="[cq:LiveRelationship]"
            jcr:primaryType="nt:unstructured"/>
        <hero
            jcr:lastModified="{Date}2017-02-01T13:46:37.395-05:00"
            jcr:lastModifiedBy="admin"
            jcr:mixinTypes="[cq:LiveRelationship]"
            jcr:primaryType="nt:unstructured"
            sling:resourceType="wcm/foundation/components/image"
            fileReference="/content/dam/laureate/banners/USW1_XXXX_XXXX_courseOverview_heroImage.jpg"/>
        <logo
            jcr:lastModified="{Date}2017-02-01T13:46:37.395-05:00"
            jcr:lastModifiedBy="admin"
            jcr:mixinTypes="[cq:LiveRelationship]"
            jcr:primaryType="nt:unstructured"
            sling:resourceType="wcm/foundation/components/image"/>
        <cq:LiveSyncConfig
            cq:isDeep="{Boolean}true"
            cq:master="/content/laureate-blueprints/walden-blueprint/en"
            cq:rolloutConfigs="[/etc/msm/rolloutconfigs/default,/etc/msm/rolloutconfigs/uvm]"
            jcr:primaryType="cq:LiveCopy"/>
    </jcr:content>
    <syllabus/>
    <course-overview/>
    <course-information/>
    <resource-list/>
    <week1/>
    <week2/>
    <week3/>
    <week4/>
    <week5/>
    <week6/>
    <week7/>
    <week8/>
</jcr:root>
