<?xml version="1.0" encoding="UTF-8"?>
<jcr:root xmlns:sling="http://sling.apache.org/jcr/sling/1.0" xmlns:cq="http://www.day.com/jcr/cq/1.0" xmlns:jcr="http://www.jcp.org/jcr/1.0" xmlns:mix="http://www.jcp.org/jcr/mix/1.0" xmlns:nt="http://www.jcp.org/jcr/nt/1.0"
    jcr:primaryType="cq:Page">
    <jcr:content
        cq:contextHubPath="/etc/cloudsettings/default/contexthub"
        cq:contextHubSegmentsPath="/etc/segmentation/contexthub"
        cq:lastModified="{Date}2017-01-24T15:51:04.890Z"
        cq:lastModifiedBy="reviewer1"
        cq:lastReplicated="{Date}2017-01-24T15:52:15.089Z"
        cq:lastReplicatedBy="workflow-process-service"
        cq:lastReplicationAction="Activate"
        cq:template="/apps/laureate/templates/walden_courseinformation_page"
        jcr:isCheckedOut="{Boolean}true"
        jcr:lastModified="{Date}2017-01-24T15:35:11.195Z"
        jcr:lastModifiedBy="admin"
        jcr:mixinTypes="[mix:versionable]"
        jcr:primaryType="cq:PageContent"
        jcr:title="Syllabus"
        jcr:uuid="ba5061e7-d218-49ad-8154-c08ed182e84a"
        sling:resourceType="laureate/components/structure/page/walden_courseinformation_page">
        <image
            jcr:lastModified="{Date}2017-01-24T15:35:11.195Z"
            jcr:lastModifiedBy="admin"
            jcr:primaryType="nt:unstructured"/>
        <hero
            jcr:lastModified="{Date}2017-01-24T15:35:11.195Z"
            jcr:lastModifiedBy="admin"
            jcr:primaryType="nt:unstructured"
            sling:resourceType="wcm/foundation/components/image"
            fileReference="/content/dam/laureate/walden/heroimages/USW1_NURS_6001_week04_heroImage.jpg"/>
        <logo
            jcr:lastModified="{Date}2017-01-24T15:35:11.195Z"
            jcr:lastModifiedBy="admin"
            jcr:primaryType="nt:unstructured"
            sling:resourceType="wcm/foundation/components/image"/>
        <par
            jcr:primaryType="nt:unstructured"
            sling:resourceType="wcm/foundation/components/parsys">
            <page_section
                jcr:created="{Date}2017-01-24T15:35:28.449Z"
                jcr:createdBy="admin"
                jcr:lastModified="{Date}2017-01-24T15:35:53.128Z"
                jcr:lastModifiedBy="admin"
                jcr:primaryType="nt:unstructured"
                sling:resourceType="laureate/components/content/page-section"
                pageSectionLabel="Syllabus">
                <page-section-par
                    jcr:primaryType="nt:unstructured"
                    sling:resourceType="wcm/foundation/components/parsys">
                    <text
                        jcr:created="{Date}2017-01-24T15:35:40.461Z"
                        jcr:createdBy="admin"
                        jcr:lastModified="{Date}2017-01-24T15:49:06.113Z"
                        jcr:lastModifiedBy="admin"
                        jcr:primaryType="nt:unstructured"
                        sling:resourceType="wcm/foundation/components/text"
                        text="&lt;p>My sample text 123&lt;/p>&#xa;"
                        textIsRich="true">
                        <cq:annotations jcr:primaryType="nt:unstructured">
                            <_x0033__1485272365004
                                jcr:created="{Date}2017-01-24T15:39:25.004Z"
                                jcr:createdBy="admin"
                                jcr:lastModified="{Date}2017-01-24T15:39:39.746Z"
                                jcr:lastModifiedBy="admin"
                                jcr:primaryType="nt:unstructured"
                                color="pink"
                                text="Great job"
                                x="{Long}123"
                                y="{Long}28">
                                <shapes jcr:primaryType="nt:unstructured">
                                    <_x0034__1485272387624
                                        jcr:created="{Date}2017-01-24T15:39:47.624Z"
                                        jcr:createdBy="admin"
                                        jcr:lastModified="{Date}2017-01-24T15:39:47.624Z"
                                        jcr:lastModifiedBy="admin"
                                        jcr:primaryType="nt:unstructured"
                                        data="\{&quot;dimension&quot;:{&quot;w&quot;:104.31,&quot;h&quot;:153},&quot;shapes&quot;:[{&quot;path&quot;:&quot;M -2 -1 Q 58 -30 34 -91 L 25 -88 L 33 -112 L 53 -98 L 44 -95 Q 63 -28 2 1 Z&quot;,&quot;box&quot;:{&quot;x0&quot;:40,&quot;y0&quot;:133,&quot;x1&quot;:79,&quot;y1&quot;:40,&quot;ctlx&quot;:60.70530973451326,&quot;ctly&quot;:-29.220353982300892},&quot;strokeStyle&quot;:&quot;#f0557d&quot;,&quot;lineWidth&quot;:1,&quot;fillStyle&quot;:&quot;#f0557d&quot;,&quot;domainBox&quot;:{&quot;ctlx&quot;:581.9701824802345,&quot;ctly&quot;:-190.9827057666725,&quot;x0&quot;:383.4723420573291,&quot;x1&quot;:757.357875563225,&quot;y0&quot;:869.281045751634,&quot;y1&quot;:261.43790849673206},&quot;type&quot;:&quot;arrow&quot;}],&quot;texts&quot;:[]}"
                                        x="{Long}44"
                                        y="{Long}1"/>
                                </shapes>
                            </_x0033__1485272365004>
                        </cq:annotations>
                    </text>
                </page-section-par>
            </page_section>
            <page_section_201022860
                jcr:created="{Date}2017-01-24T15:35:32.317Z"
                jcr:createdBy="admin"
                jcr:lastModified="{Date}2017-01-24T15:35:32.317Z"
                jcr:lastModifiedBy="admin"
                jcr:primaryType="nt:unstructured"
                sling:resourceType="laureate/components/content/page-section"/>
        </par>
    </jcr:content>
</jcr:root>
