<?xml version="1.0" encoding="UTF-8"?>
<jcr:root xmlns:sling="http://sling.apache.org/jcr/sling/1.0" xmlns:cq="http://www.day.com/jcr/cq/1.0" xmlns:jcr="http://www.jcp.org/jcr/1.0" xmlns:mix="http://www.jcp.org/jcr/mix/1.0" xmlns:nt="http://www.jcp.org/jcr/nt/1.0"
    jcr:primaryType="cq:Page">
    <jcr:content
        cq:contextHubPath="/etc/cloudsettings/default/contexthub"
        cq:contextHubSegmentsPath="/etc/segmentation/contexthub"
        cq:lastModified="{Date}2017-01-19T14:47:24.703Z"
        cq:lastModifiedBy="admin"
        cq:lastReplicated="{Date}2017-01-19T14:54:15.696Z"
        cq:lastReplicatedBy="admin"
        cq:lastReplicationAction="Activate"
        cq:template="/apps/laureate/templates/walden_courseinformation_page"
        jcr:isCheckedOut="{Boolean}true"
        jcr:lastModified="{Date}2017-01-16T10:41:45.545-08:00"
        jcr:lastModifiedBy="admin"
        jcr:mixinTypes="[mix:versionable]"
        jcr:primaryType="cq:PageContent"
        jcr:title="English"
        jcr:uuid="8a38d65c-d0af-48a6-8bb2-eeb5b728ea53"
        sling:resourceType="laureate/components/structure/page/walden_courseinformation_page">
        <par
            jcr:primaryType="nt:unstructured"
            sling:resourceType="wcm/foundation/components/parsys">
            <page_section
                jcr:created="{Date}2017-01-16T17:17:40.238-08:00"
                jcr:createdBy="admin"
                jcr:lastModified="{Date}2017-01-16T17:17:59.927-08:00"
                jcr:lastModifiedBy="admin"
                jcr:primaryType="nt:unstructured"
                sling:resourceType="laureate/components/content/page-section"
                pageSectionLabel="Course Information">
                <page-section-par
                    jcr:primaryType="nt:unstructured"
                    sling:resourceType="wcm/foundation/components/parsys"/>
            </page_section>
            <page_section_1051933009
                jcr:created="{Date}2017-01-16T17:17:51.509-08:00"
                jcr:createdBy="admin"
                jcr:lastModified="{Date}2017-01-16T17:20:48.055-08:00"
                jcr:lastModifiedBy="admin"
                jcr:primaryType="nt:unstructured"
                sling:resourceType="laureate/components/content/page-section"
                pageSectionLabel="Academic Intergrity"/>
            <page_section_1753334952
                jcr:created="{Date}2017-01-16T18:03:22.120-08:00"
                jcr:createdBy="admin"
                jcr:lastModified="{Date}2017-01-16T18:03:31.614-08:00"
                jcr:lastModifiedBy="admin"
                jcr:primaryType="nt:unstructured"
                sling:resourceType="laureate/components/content/page-section"
                pageSectionLabel="Doc Sharing"/>
        </par>
        <image
            jcr:lastModified="{Date}2017-01-16T10:41:45.545-08:00"
            jcr:lastModifiedBy="admin"
            jcr:primaryType="nt:unstructured"/>
        <hero
            jcr:lastModified="{Date}2017-01-16T10:41:45.545-08:00"
            jcr:lastModifiedBy="admin"
            jcr:primaryType="nt:unstructured"
            sling:resourceType="wcm/foundation/components/image"
            fileReference="/content/dam/laureate/banners/USW1_XXXX_XXXX_courseOverview_heroImage.jpg"/>
        <cq:BlueprintSyncConfig
            cq:rolloutConfigs="[/etc/msm/rolloutconfigs/default]"
            jcr:primaryType="cq:BlueprintSyncConfig"/>
    </jcr:content>
    <syllabus/>
    <course-overview/>
    <course-information/>
    <resource-list/>
    <week1/>
    <week2/>
    <week3/>
    <week4/>
    <week5/>
    <week6/>
    <week7/>
    <week8/>
</jcr:root>
