<?xml version="1.0" encoding="UTF-8"?>
<jcr:root xmlns:sling="http://sling.apache.org/jcr/sling/1.0" xmlns:cq="http://www.day.com/jcr/cq/1.0" xmlns:jcr="http://www.jcp.org/jcr/1.0" xmlns:nt="http://www.jcp.org/jcr/nt/1.0"
    jcr:primaryType="cq:Page">
    <jcr:content
        cq:contextHubPath="/etc/cloudsettings/default/contexthub"
        cq:contextHubSegmentsPath="/etc/segmentation/contexthub"
        cq:lastModified="{Date}2017-01-24T14:48:28.268Z"
        cq:lastModifiedBy="reviewer1"
        cq:template="/apps/laureate/templates/walden_courseinformation_page"
        jcr:lastModified="{Date}2017-01-24T14:42:26.119Z"
        jcr:lastModifiedBy="reviewer1"
        jcr:primaryType="cq:PageContent"
        jcr:title="Week 1"
        sling:resourceType="laureate/components/structure/page/walden_courseinformation_page">
        <image
            jcr:lastModified="{Date}2017-01-24T14:42:26.119Z"
            jcr:lastModifiedBy="reviewer1"
            jcr:primaryType="nt:unstructured"/>
        <hero
            jcr:lastModified="{Date}2017-01-24T14:42:26.119Z"
            jcr:lastModifiedBy="reviewer1"
            jcr:primaryType="nt:unstructured"
            sling:resourceType="wcm/foundation/components/image"
            fileReference="/content/dam/laureate/walden/heroimages/USW1_NURS_6001_week04_heroImage.jpg"/>
        <logo
            jcr:lastModified="{Date}2017-01-24T14:42:26.119Z"
            jcr:lastModifiedBy="reviewer1"
            jcr:primaryType="nt:unstructured"
            sling:resourceType="wcm/foundation/components/image"/>
        <par
            jcr:primaryType="nt:unstructured"
            sling:resourceType="wcm/foundation/components/parsys">
            <page_section
                jcr:created="{Date}2017-01-24T14:42:59.783Z"
                jcr:createdBy="reviewer1"
                jcr:lastModified="{Date}2017-01-24T14:42:59.783Z"
                jcr:lastModifiedBy="reviewer1"
                jcr:primaryType="nt:unstructured"
                sling:resourceType="laureate/components/content/page-section">
                <page-section-par
                    jcr:primaryType="nt:unstructured"
                    sling:resourceType="wcm/foundation/components/parsys">
                    <text
                        jcr:created="{Date}2017-01-24T14:43:18.721Z"
                        jcr:createdBy="reviewer1"
                        jcr:lastModified="{Date}2017-01-24T14:48:28.268Z"
                        jcr:lastModifiedBy="reviewer1"
                        jcr:primaryType="nt:unstructured"
                        sling:resourceType="wcm/foundation/components/text"
                        text="&lt;p>This is where the course content will go.&lt;/p>&#xa;"
                        textIsRich="true"/>
                    <cq:annotations jcr:primaryType="nt:unstructured">
                        <_x0031__1485269218304
                            jcr:created="{Date}2017-01-24T14:46:58.304Z"
                            jcr:createdBy="author1"
                            jcr:lastModified="{Date}2017-01-24T14:47:03.327Z"
                            jcr:lastModifiedBy="author1"
                            jcr:primaryType="nt:unstructured"
                            color="yellow"
                            text="We need some text here"
                            x="{Long}101"
                            y="{Long}90">
                            <shapes jcr:primaryType="nt:unstructured">
                                <_x0032__1485269226307
                                    jcr:created="{Date}2017-01-24T14:47:06.307Z"
                                    jcr:createdBy="author1"
                                    jcr:lastModified="{Date}2017-01-24T14:47:06.307Z"
                                    jcr:lastModifiedBy="author1"
                                    jcr:primaryType="nt:unstructured"
                                    data="\{&quot;dimension&quot;:{&quot;w&quot;:187,&quot;h&quot;:98.77999999999997},&quot;shapes&quot;:[{&quot;path&quot;:&quot;M 0 -2 Q 74 -27 131 29 L 138 22 L 141 46 L 116 42 L 123 35 Q 73 -21 0 2 Z&quot;,&quot;box&quot;:{&quot;x0&quot;:20,&quot;y0&quot;:26.779999999999976,&quot;x1&quot;:147,&quot;y1&quot;:58.77999999999997,&quot;ctlx&quot;:73.53299714335684,&quot;ctly&quot;:-23.81845741269749},&quot;strokeStyle&quot;:&quot;#f5c841&quot;,&quot;lineWidth&quot;:1,&quot;fillStyle&quot;:&quot;#f5c841&quot;,&quot;domainBox&quot;:{&quot;ctlx&quot;:393.22458365431464,&quot;ctly&quot;:-241.12631517207427,&quot;x0&quot;:106.95187165775401,&quot;x1&quot;:786.096256684492,&quot;y0&quot;:271.1075116420326,&quot;y1&quot;:595.0597286900181},&quot;type&quot;:&quot;arrow&quot;}],&quot;texts&quot;:[]}"
                                    x="{Long}224"
                                    y="{Long}8"/>
                            </shapes>
                        </_x0031__1485269218304>
                    </cq:annotations>
                </page-section-par>
            </page_section>
            <page_section_951621358
                jcr:created="{Date}2017-01-24T14:43:02.560Z"
                jcr:createdBy="reviewer1"
                jcr:lastModified="{Date}2017-01-24T14:43:02.560Z"
                jcr:lastModifiedBy="reviewer1"
                jcr:primaryType="nt:unstructured"
                sling:resourceType="laureate/components/content/page-section"/>
            <page_section_11817721
                jcr:created="{Date}2017-01-24T14:43:05.274Z"
                jcr:createdBy="reviewer1"
                jcr:lastModified="{Date}2017-01-24T14:43:05.274Z"
                jcr:lastModifiedBy="reviewer1"
                jcr:primaryType="nt:unstructured"
                sling:resourceType="laureate/components/content/page-section"/>
        </par>
    </jcr:content>
</jcr:root>
